review,rating,date,bank,source
maaliif daddafee install gaafata,3,2025-11-28 13:36:32,Commercial Bank of Ethiopia,Google Play Store
good app,5,2025-11-28 11:33:17,Commercial Bank of Ethiopia,Google Play Store
This application is very important and advantage for transfer of money and finance in the coutry and foriegn country.,5,2025-11-27 23:08:20,Commercial Bank of Ethiopia,Google Play Store
why didn't work this app?,1,2025-11-27 22:40:35,Commercial Bank of Ethiopia,Google Play Store
The app makes our life easier. Thank you CBE!,5,2025-11-27 18:00:06,Commercial Bank of Ethiopia,Google Play Store
this app very bad üëé,1,2025-11-27 16:28:10,Commercial Bank of Ethiopia,Google Play Store
the most advanced app. but how to stay safe?,5,2025-11-27 10:03:41,Commercial Bank of Ethiopia,Google Play Store
Good application,4,2025-11-27 08:59:12,Commercial Bank of Ethiopia,Google Play Store
It is nice app,5,2025-11-26 12:03:18,Commercial Bank of Ethiopia,Google Play Store
best,5,2025-11-25 20:27:20,Commercial Bank of Ethiopia,Google Play Store
good app,5,2025-11-25 18:10:35,Commercial Bank of Ethiopia,Google Play Store
"it suddenly asked me to enter the verification key I received. and it (*get your verification key from the nearest CBE Branch*) Now I'm in Australia, what do you expect me to do???! There is no nearest or furthermost cbe Branch!! SO FRUSTRATING! How can I manage my bank account now????",1,2025-11-25 17:14:22,Commercial Bank of Ethiopia,Google Play Store
nice app...,5,2025-11-25 10:24:19,Commercial Bank of Ethiopia,Google Play Store
very good banking service and fast service,5,2025-11-24 21:09:29,Commercial Bank of Ethiopia,Google Play Store
thanks blc this app help me to use all time,5,2025-11-24 14:36:07,Commercial Bank of Ethiopia,Google Play Store
good,5,2025-11-24 11:54:09,Commercial Bank of Ethiopia,Google Play Store
why we can't send money to other people telebirr wallets??,1,2025-11-24 08:44:51,Commercial Bank of Ethiopia,Google Play Store
·ä†·â≥·çç·à©·àù ·åç·äï ·àà15 birr 11.50 ·â•·à≠ ·àµ·âµ·âÜ·à≠·å° ·ã≠·àµ·â∞·ä´·ä®·àç·àç·äï,1,2025-11-23 23:12:04,Commercial Bank of Ethiopia,Google Play Store
·â†·å£·àù ·âÄ·àã·àç·äì ·àù·âπ ·äê·ãç·ç¢,5,2025-11-23 20:22:11,Commercial Bank of Ethiopia,Google Play Store
wow,5,2025-11-23 15:30:09,Commercial Bank of Ethiopia,Google Play Store
good,5,2025-11-23 10:13:39,Commercial Bank of Ethiopia,Google Play Store
nice,5,2025-11-22 20:27:39,Commercial Bank of Ethiopia,Google Play Store
you are the reason why i got ye chogara himem,1,2025-11-22 13:33:11,Commercial Bank of Ethiopia,Google Play Store
it is so smart app i recommend it for everyone,5,2025-11-22 11:51:00,Commercial Bank of Ethiopia,Google Play Store
excellent,5,2025-11-22 11:34:12,Commercial Bank of Ethiopia,Google Play Store
good,5,2025-11-21 22:11:35,Commercial Bank of Ethiopia,Google Play Store
·ã≥·åä,5,2025-11-21 19:55:17,Commercial Bank of Ethiopia,Google Play Store
absolutely right,5,2025-11-21 18:45:37,Commercial Bank of Ethiopia,Google Play Store
good app,5,2025-11-21 18:07:17,Commercial Bank of Ethiopia,Google Play Store
mid application it's so annoying,3,2025-11-20 18:58:06,Commercial Bank of Ethiopia,Google Play Store
I used morethan one year,4,2025-11-20 17:52:03,Commercial Bank of Ethiopia,Google Play Store
no word can explane about this app it is nice üëçüëçüëçüëçüëç,5,2025-11-20 16:15:18,Commercial Bank of Ethiopia,Google Play Store
"It's great app,I love this app",5,2025-11-20 11:37:22,Commercial Bank of Ethiopia,Google Play Store
Nice,5,2025-11-19 23:42:22,Commercial Bank of Ethiopia,Google Play Store
suckkkks,1,2025-11-19 19:20:20,Commercial Bank of Ethiopia,Google Play Store
not allowing to transfer and showing current statement updates.,1,2025-11-19 18:51:36,Commercial Bank of Ethiopia,Google Play Store
I love you this app,5,2025-11-19 10:09:34,Commercial Bank of Ethiopia,Google Play Store
"fast and convenient app, thanks for your dedication as a bank to provide good options to your cuatomers.",1,2025-11-19 08:28:14,Commercial Bank of Ethiopia,Google Play Store
make life easy,5,2025-11-19 08:02:38,Commercial Bank of Ethiopia,Google Play Store
securr,5,2025-11-19 05:55:07,Commercial Bank of Ethiopia,Google Play Store
My most optional bank,5,2025-11-17 18:08:01,Commercial Bank of Ethiopia,Google Play Store
5 star,5,2025-11-17 00:43:29,Commercial Bank of Ethiopia,Google Play Store
it is fantastic app.,5,2025-11-16 13:14:03,Commercial Bank of Ethiopia,Google Play Store
excellent,5,2025-11-16 11:17:05,Commercial Bank of Ethiopia,Google Play Store
sifen,5,2025-11-16 09:52:58,Commercial Bank of Ethiopia,Google Play Store
i like this‚àö,4,2025-11-16 09:04:39,Commercial Bank of Ethiopia,Google Play Store
Ok,3,2025-11-16 03:50:12,Commercial Bank of Ethiopia,Google Play Store
·å•·à© App ·äê·ãâ ·ç¢ ·ã®·äî ·ã®·åç·àç ·ä†·àµ·â∞·ã´·ã®·âµ- Update ·ãà·ã≠·äï·àù cache cleaning app ·à≤·ã∞·à®·åç ·àà·àù·äï·ãµ·äê·ãâ ·ã∞·åç·àò·äï login ·àµ·äì·ã∞·à≠·åç Restricted ·àö·ã´·ã∞·à≠·åà·ãâ ·â¢·àµ·â∞·ä´·ä®·àç ·ä•·äï·ã∞ ·àÄ·à≥·â• ·å•·à© ·äê·ãâ·ç¢ ·â†·ãõ·àã·ã≠ ·ãµ·åã·àö ·ä†·ä≠·â≤·â¨·âµ ·àà·àõ·àµ·ã∞·à®·åç ·ä®·çç·àà·äï ..,5,2025-11-15 22:07:10,Commercial Bank of Ethiopia,Google Play Store
"Seriously, what‚Äôs going on with this app? The ""Pay to Beneficiary"" option is completely disabled for Android users, yet iOS users get full access without restrictions. Why are Android users being treated like second class customers? It‚Äôs the same app, the same service, but clearly not the same experience. This kind of platform bias is unacceptable, either give everyone the same features or be transparent about why you‚Äôre limiting functionality. Right now, it just feels unfair and frustrating.",1,2025-11-15 21:51:01,Commercial Bank of Ethiopia,Google Play Store
Like,5,2025-11-13 17:38:49,Commercial Bank of Ethiopia,Google Play Store
Nice and very useful app i like it!,5,2025-11-13 13:21:35,Commercial Bank of Ethiopia,Google Play Store
good,5,2025-11-13 07:49:44,Commercial Bank of Ethiopia,Google Play Store
Good,5,2025-11-13 07:27:48,Commercial Bank of Ethiopia,Google Play Store
Good,5,2025-11-13 07:17:55,Commercial Bank of Ethiopia,Google Play Store
smart app,4,2025-11-12 21:17:20,Commercial Bank of Ethiopia,Google Play Store
good App,5,2025-11-12 19:14:34,Commercial Bank of Ethiopia,Google Play Store
sync problem may 22 2025 but the date stack on may 8 2025 help pls,5,2025-11-12 14:53:10,Commercial Bank of Ethiopia,Google Play Store
ok,5,2025-11-11 19:07:32,Commercial Bank of Ethiopia,Google Play Store
cbe is my choice,4,2025-11-11 17:32:56,Commercial Bank of Ethiopia,Google Play Store
Awesome,5,2025-11-11 16:02:57,Commercial Bank of Ethiopia,Google Play Store
I am not able to transfer. The app is not responding,1,2025-11-11 14:36:29,Commercial Bank of Ethiopia,Google Play Store
Very convenient App,5,2025-11-11 08:44:13,Commercial Bank of Ethiopia,Google Play Store
excellent but sometimes can not connect,5,2025-11-10 23:20:32,Commercial Bank of Ethiopia,Google Play Store
good app,5,2025-11-10 21:55:20,Commercial Bank of Ethiopia,Google Play Store
wow apk,5,2025-11-10 21:06:46,Commercial Bank of Ethiopia,Google Play Store
best 100 %,5,2025-11-10 18:51:57,Commercial Bank of Ethiopia,Google Play Store
bad app,1,2025-11-10 17:32:37,Commercial Bank of Ethiopia,Google Play Store
best app,5,2025-11-10 17:12:36,Commercial Bank of Ethiopia,Google Play Store
wow,5,2025-11-10 15:46:49,Commercial Bank of Ethiopia,Google Play Store
nice app,5,2025-11-10 14:45:31,Commercial Bank of Ethiopia,Google Play Store
bad app,4,2025-11-10 14:13:45,Commercial Bank of Ethiopia,Google Play Store
the app constantly glitches and won't stop loading despite having a decent connection and a cleared cache. telebirr is way better,1,2025-11-10 13:21:30,Commercial Bank of Ethiopia,Google Play Store
I can't access it properly I think it needs update,1,2025-11-10 12:55:40,Commercial Bank of Ethiopia,Google Play Store
üëåüëå,5,2025-11-10 12:20:01,Commercial Bank of Ethiopia,Google Play Store
best üëå,5,2025-11-10 11:30:06,Commercial Bank of Ethiopia,Google Play Store
good,4,2025-11-10 11:26:05,Commercial Bank of Ethiopia,Google Play Store
not Refresh,2,2025-11-10 10:00:09,Commercial Bank of Ethiopia,Google Play Store
your statement is not used as wanted,1,2025-11-10 07:08:16,Commercial Bank of Ethiopia,Google Play Store
good very good,5,2025-11-09 20:53:13,Commercial Bank of Ethiopia,Google Play Store
this is absolute trash why because it's not Woking most time the servers are down even though I'm using 4g data Internet they steal not working they use to work with out even data package now it's trash can't even send money,1,2025-11-09 17:24:52,Commercial Bank of Ethiopia,Google Play Store
good app,5,2025-11-08 22:20:25,Commercial Bank of Ethiopia,Google Play Store
Bayeee galatooma kana caalati nu gammachisa üåèü§åüèªüí¥üí∏ü•∞üëåüèªüôèüèª,5,2025-11-08 19:23:00,Commercial Bank of Ethiopia,Google Play Store
Good !,5,2025-11-08 18:05:49,Commercial Bank of Ethiopia,Google Play Store
i like it,5,2025-11-08 16:55:40,Commercial Bank of Ethiopia,Google Play Store
Very nice app,5,2025-11-08 16:51:07,Commercial Bank of Ethiopia,Google Play Store
the app is not functional this week.,4,2025-11-08 09:47:51,Commercial Bank of Ethiopia,Google Play Store
good,5,2025-11-07 15:00:05,Commercial Bank of Ethiopia,Google Play Store
very updated bank,5,2025-11-06 00:07:50,Commercial Bank of Ethiopia,Google Play Store
tankyu,5,2025-11-05 23:18:44,Commercial Bank of Ethiopia,Google Play Store
nice,5,2025-11-05 23:00:22,Commercial Bank of Ethiopia,Google Play Store
Numbers 2 and 3 don't write during pin verification.,5,2025-11-05 21:58:03,Commercial Bank of Ethiopia,Google Play Store
"once it is uninstalled, you need to visit a nearby bank. you go there and they ask you to have a new sim card which hasn't been used before. so you should buy a new sim card and you go back to them with a new sim card, when you reach there service provider says authentication pin is not arrive, the system is not working come back tomorrow.",1,2025-11-05 19:04:20,Commercial Bank of Ethiopia,Google Play Store
loved it,5,2025-11-05 17:52:08,Commercial Bank of Ethiopia,Google Play Store
Ok,1,2025-11-05 11:05:56,Commercial Bank of Ethiopia,Google Play Store
this app is not working on my phone,5,2025-11-03 17:59:45,Commercial Bank of Ethiopia,Google Play Store
CBE needs to show transaction fees before the transaction is confirmed and not after. This is a big issue as fees are no longer insignificant.,3,2025-11-03 11:00:51,Commercial Bank of Ethiopia,Google Play Store
"After the recent updates, I am unable to download a receipt. I can't see the names of account holders I've previously transacted with. Very important. Please fix it asap.",1,2025-11-03 10:43:33,Commercial Bank of Ethiopia,Google Play Store
nice,5,2025-11-02 20:01:17,Commercial Bank of Ethiopia,Google Play Store
wow üòòüòòüòò,4,2025-11-02 19:40:51,Commercial Bank of Ethiopia,Google Play Store
mobile banking broblem,5,2025-11-01 16:31:06,Commercial Bank of Ethiopia,Google Play Store
good job,5,2025-11-01 12:00:05,Commercial Bank of Ethiopia,Google Play Store
good,3,2025-11-01 05:18:08,Commercial Bank of Ethiopia,Google Play Store
it is a good and clear apps to use,4,2025-10-31 23:16:33,Commercial Bank of Ethiopia,Google Play Store
·àà·àù·äï·ãµ·äï ·äê·ãç ·ä®·äï·åç·ãµ ·â£·äï·ä≠ ·ãà·ã∞ ·â¥·àå·â•·à≠ 5 ·â•·à≠ ·à≤·â∞·àã·àà·çç 11 ·â•·à≠ ·ä•·äï·ã≤·âÜ·à≠·å• ·ã´·ã∞·à®·åã·âΩ·àÅ·âµ,1,2025-10-31 20:56:09,Commercial Bank of Ethiopia,Google Play Store
I love this app b/c every option in the app very clear and supportive.,5,2025-10-30 18:17:03,Commercial Bank of Ethiopia,Google Play Store
niiceh,5,2025-10-29 22:31:04,Commercial Bank of Ethiopia,Google Play Store
the app is good but their is no dark mode you have to add it,3,2025-10-29 19:27:20,Commercial Bank of Ethiopia,Google Play Store
ü§Æ,1,2025-10-29 07:23:57,Commercial Bank of Ethiopia,Google Play Store
abdulakim abrahim elemoo,5,2025-10-29 02:11:46,Commercial Bank of Ethiopia,Google Play Store
good app,5,2025-10-28 20:51:27,Commercial Bank of Ethiopia,Google Play Store
strong,5,2025-10-28 19:48:06,Commercial Bank of Ethiopia,Google Play Store
good,5,2025-10-28 19:00:09,Commercial Bank of Ethiopia,Google Play Store
best,5,2025-10-28 16:52:18,Commercial Bank of Ethiopia,Google Play Store
Abebaw Zenebe,5,2025-10-28 10:10:07,Commercial Bank of Ethiopia,Google Play Store
good I love it keep it up but if we had a new update that will be fire Soo good,5,2025-10-27 19:17:26,Commercial Bank of Ethiopia,Google Play Store
good,5,2025-10-27 18:23:41,Commercial Bank of Ethiopia,Google Play Store
Cbe,5,2025-10-27 15:56:57,Commercial Bank of Ethiopia,Google Play Store
Active and granted system,5,2025-10-27 13:06:05,Commercial Bank of Ethiopia,Google Play Store
fast app,4,2025-10-27 01:29:51,Commercial Bank of Ethiopia,Google Play Store
cool üòé,5,2025-10-27 01:01:39,Commercial Bank of Ethiopia,Google Play Store
Galaxy A10s,3,2025-10-26 23:09:04,Commercial Bank of Ethiopia,Google Play Store
the best apps,5,2025-10-26 19:52:13,Commercial Bank of Ethiopia,Google Play Store
arif app new,5,2025-10-26 13:08:10,Commercial Bank of Ethiopia,Google Play Store
laga Bari biranch,5,2025-10-26 08:50:04,Commercial Bank of Ethiopia,Google Play Store
·äê·äê·à†·äê·à†·à†·äê·à†·à†·à†·à†·äê·ã®·äê,5,2025-10-26 03:22:43,Commercial Bank of Ethiopia,Google Play Store
I would like to suggest you improve the time out as it takes the money and doesn't return it back until the next day.,3,2025-10-25 20:33:25,Commercial Bank of Ethiopia,Google Play Store
Attractive,5,2025-10-25 19:23:40,Commercial Bank of Ethiopia,Google Play Store
mite,5,2025-10-24 10:40:24,Commercial Bank of Ethiopia,Google Play Store
useful,5,2025-10-24 05:47:45,Commercial Bank of Ethiopia,Google Play Store
nice,4,2025-10-23 22:56:46,Commercial Bank of Ethiopia,Google Play Store
"not good, not bad!",3,2025-10-23 16:14:35,Commercial Bank of Ethiopia,Google Play Store
very good,5,2025-10-23 12:22:16,Commercial Bank of Ethiopia,Google Play Store
·ä•·åÖ·åç ·â†·å£·àù ·ä†·àµ·âÄ·ã´·àö ·å†·âÅ·ä†·àù ·ãò·à®·çã ·â†·àö·â£·àç ·ã∞·à≠·åÉ ·ã® ·ä†·åà·àç·åç·àé·âµ ·ã®·àö·âÄ·â†·àç ·ã´·àç·à∞·à´·â†·âµ·äï ·ã®·åà·ãõ ·åà·äï·ãù·â†·â£·âΩ·äï·äï ·â∞·ãò·à®·çç·äï ·ä® 100·â•·à≠ 10·â•·à≠ ·ã®·ä†·åà·àç·åç·àé·âµ ·àõ·àµ·ä®·çà·àç ·àù·äï ·àõ·àà·âµ ·äê·ãç ·ä•·â£·ä´·âΩ·àÅ ·ä•·ã©·âµ ·ä•·àµ·âµ·ã≠ ·ä® ·àû·â£·ã≠·àç ·â£·äï·ä≠ ·ãà·ã∞ ampsa ·ä†·àµ·â∞·àã·àç·çâ·äì ·ä•·ã©·âµ ·â†·å£·àù ·ã≠·åà·à≠·àõ·àç ·àå·â£ ·â•·ã´·â∏·ãã·àç·àÅ,1,2025-10-22 23:17:05,Commercial Bank of Ethiopia,Google Play Store
good job,5,2025-10-22 18:14:01,Commercial Bank of Ethiopia,Google Play Store
imp,5,2025-10-22 16:26:43,Commercial Bank of Ethiopia,Google Play Store
super fast app,5,2025-10-21 13:00:15,Commercial Bank of Ethiopia,Google Play Store
good app,4,2025-10-20 16:35:13,Commercial Bank of Ethiopia,Google Play Store
useful,5,2025-10-20 12:58:47,Commercial Bank of Ethiopia,Google Play Store
"The app has a nice design and useful features like balance check and transfers, but it‚Äôs unstable and often fails to connect. It also forces users to turn off Developer Options, which is unnecessary ‚Äî other banking apps work fine without that. Many people use Developer Mode for normal reasons. Please fix performance issues, remove this restriction, and add biometric login for better security and convenience",2,2025-10-19 09:00:38,Commercial Bank of Ethiopia,Google Play Store
cbe,4,2025-10-18 21:26:05,Commercial Bank of Ethiopia,Google Play Store
"it says ""ti is work any more in your device"" what can i do??",1,2025-10-18 11:14:14,Commercial Bank of Ethiopia,Google Play Store
blah blah blah,5,2025-10-18 07:41:44,Commercial Bank of Ethiopia,Google Play Store
good,5,2025-10-17 23:35:07,Commercial Bank of Ethiopia,Google Play Store
bad ·åç·ã¥·â≥ ·àò·àÜ·äï·àÅ,1,2025-10-17 19:18:53,Commercial Bank of Ethiopia,Google Play Store
best,5,2025-10-17 17:30:33,Commercial Bank of Ethiopia,Google Play Store
CBE no.1,5,2025-10-17 13:25:31,Commercial Bank of Ethiopia,Google Play Store
good,5,2025-10-17 11:07:30,Commercial Bank of Ethiopia,Google Play Store
good,5,2025-10-16 21:41:20,Commercial Bank of Ethiopia,Google Play Store
"it's not work correctly when it's needed sometimes, but it works sometimes though",2,2025-10-16 21:14:45,Commercial Bank of Ethiopia,Google Play Store
its easy to use and more secured than the previous one. i love it and appreciate commercial bank of ethiopia for every time update.,5,2025-10-16 19:22:14,Commercial Bank of Ethiopia,Google Play Store
gooof,5,2025-10-16 13:06:06,Commercial Bank of Ethiopia,Google Play Store
"Suddenly the cbe application I was using stopped working and called callcenter, I was told it's because it expired and I should vist any branch to fix it. So I went to CBE Silassie branch.After filling a form they gave me, I sat down and waited until they finish fixing 2 customer's case who arrived before me. But then when it was my turn ppl who came after me with same mobile banking and even Atm card cases were finishing up and leaving I had to get back to my work so I left.with no service.why?",1,2025-10-16 10:32:51,Commercial Bank of Ethiopia,Google Play Store
Best app,5,2025-10-16 02:53:58,Commercial Bank of Ethiopia,Google Play Store
best,5,2025-10-15 15:02:58,Commercial Bank of Ethiopia,Google Play Store
still not perfect like before,1,2025-10-15 12:01:57,Commercial Bank of Ethiopia,Google Play Store
This app dash board is disturbing me. it is not showing me traxation and my balance while displaying others option on dashboard. I think it is a risk full appüò≠üò≠üò≠ü§§ü§§,1,2025-10-15 11:21:58,Commercial Bank of Ethiopia,Google Play Store
APPLIED,1,2025-10-14 22:32:49,Commercial Bank of Ethiopia,Google Play Store
10 years ago,4,2025-10-14 21:49:01,Commercial Bank of Ethiopia,Google Play Store
Asefa Obsa,5,2025-10-14 21:28:42,Commercial Bank of Ethiopia,Google Play Store
best app,4,2025-10-14 19:59:48,Commercial Bank of Ethiopia,Google Play Store
it's good app,5,2025-10-14 15:33:12,Commercial Bank of Ethiopia,Google Play Store
very slow,1,2025-10-14 13:26:08,Commercial Bank of Ethiopia,Google Play Store
berhan deriba wami,4,2025-10-14 06:31:12,Commercial Bank of Ethiopia,Google Play Store
good,5,2025-10-13 21:12:28,Commercial Bank of Ethiopia,Google Play Store
mahamad Usman,5,2025-10-13 20:01:41,Commercial Bank of Ethiopia,Google Play Store
Erako,5,2025-10-13 19:57:56,Commercial Bank of Ethiopia,Google Play Store
üî•üî•üî•üî•üî•,5,2025-10-13 13:54:22,Commercial Bank of Ethiopia,Google Play Store
opne,5,2025-10-13 11:59:14,Commercial Bank of Ethiopia,Google Play Store
mehommd nuri,5,2025-10-13 11:03:33,Commercial Bank of Ethiopia,Google Play Store
Best,5,2025-10-12 18:39:13,Commercial Bank of Ethiopia,Google Play Store
good,5,2025-10-12 18:11:23,Commercial Bank of Ethiopia,Google Play Store
providing very secure service.,5,2025-10-12 17:05:44,Commercial Bank of Ethiopia,Google Play Store
good,5,2025-10-12 16:12:10,Commercial Bank of Ethiopia,Google Play Store
apk ·ä†·à™·çç ·äê·ãç ·åç·äï ·â†·å£·àù apkwun ·ã®·àö·ä®·çç·â± ·ã® ·â£·äï·ä≠ ·à∞·à´·â∞·äû·âΩ ·â†·å£·àù ·ã∞·ä´·àõ ·äì·â∏·ãç ·à≤·ã´·àµ·â∞·äì·åç·ã± ·àà ·ã∞·äï·â†·äõ ·ä≠·â•·à≠ ·ã®·àã·â∏·ãç·àù ·ä•·äî ·àò·àò·àã·àà·àµ ·ä®·åÄ·àò·à≠·ä© ·âÜ·ã®·ãç ·åç·äï ·àò·çç·âµ·àÖ ·àã·åà·äù ·ä†·àç·âΩ·àç·ä©·àù ::,1,2025-10-12 14:05:40,Commercial Bank of Ethiopia,Google Play Store
·ã≥·à≠ ·äë·àÆ ·àã·àà·ãç ·ä£·çç·à™·âª·äï ·ãç,5,2025-10-12 13:49:52,Commercial Bank of Ethiopia,Google Play Store
RIYAD Mohammed Abaoli 92 527 2567,5,2025-10-12 13:27:05,Commercial Bank of Ethiopia,Google Play Store
it doesn't show bank statement and no options to see transactions for the past months.,2,2025-10-12 01:23:36,Commercial Bank of Ethiopia,Google Play Store
Mamma Husen,2,2025-10-11 16:36:31,Commercial Bank of Ethiopia,Google Play Store
ok,5,2025-10-11 09:25:05,Commercial Bank of Ethiopia,Google Play Store
3 stars because I can't see all my transaction history apart from the recents and a refresh button has been removed from the Recents activity. The app should allow clients to view all of the transactions not just recents.,3,2025-10-11 08:21:33,Commercial Bank of Ethiopia,Google Play Store
good,5,2025-10-10 18:43:47,Commercial Bank of Ethiopia,Google Play Store
exceptional application from others bank,5,2025-10-10 15:58:07,Commercial Bank of Ethiopia,Google Play Store
"it is very nice. but i have a serious suggestion when you send to other cbe birr customer, it does not show the name of the recipient befor it actually send the money. please improve this",4,2025-10-10 14:57:42,Commercial Bank of Ethiopia,Google Play Store
goodüëçüëçüëçüòäüòäüòä,5,2025-10-10 14:32:58,Commercial Bank of Ethiopia,Google Play Store
really good app,5,2025-10-10 11:34:19,Commercial Bank of Ethiopia,Google Play Store
smart bank CBE,5,2025-10-10 11:33:09,Commercial Bank of Ethiopia,Google Play Store
Ali urgesa11,3,2025-10-09 23:22:32,Commercial Bank of Ethiopia,Google Play Store
it's good,5,2025-10-09 21:25:30,Commercial Bank of Ethiopia,Google Play Store
Good apps,5,2025-10-09 19:54:29,Commercial Bank of Ethiopia,Google Play Store
good,5,2025-10-09 19:13:00,Commercial Bank of Ethiopia,Google Play Store
password ·â†·å£·âµ ·ä†·àª·à´ ·â¢·äñ·à®·ãç ·àò·àç·ä´·àù ·äê·â†·à≠,4,2025-10-09 15:36:11,Commercial Bank of Ethiopia,Google Play Store
good,5,2025-10-09 14:05:57,Commercial Bank of Ethiopia,Google Play Store
best app i ever seen,5,2025-10-09 11:38:55,Commercial Bank of Ethiopia,Google Play Store
it's game changing in financial system,4,2025-10-09 08:15:15,Commercial Bank of Ethiopia,Google Play Store
"z,MKT 20_._!8+‚Öì‚Öïüòòr",1,2025-10-09 08:00:33,Commercial Bank of Ethiopia,Google Play Store
will good updating,5,2025-10-09 01:46:00,Commercial Bank of Ethiopia,Google Play Store
"service charge , vat, fee everything here is not yours they wanna take what you have, everything is not fair",1,2025-10-08 21:21:01,Commercial Bank of Ethiopia,Google Play Store
why removing screenshot feature why?,2,2025-10-08 19:59:39,Commercial Bank of Ethiopia,Google Play Store
very good application! thank you all who participate!,5,2025-10-08 19:51:04,Commercial Bank of Ethiopia,Google Play Store
application bank commercial Ethiopia I am very happy to be able to appear in a great job on a pleasant job,5,2025-10-08 15:17:22,Commercial Bank of Ethiopia,Google Play Store
user compatible app!,5,2025-10-08 13:10:08,Commercial Bank of Ethiopia,Google Play Store
"I am trying to access this app on my Android phone, but sometimes doesn't work. so kindly try to improve it.",3,2025-10-07 18:02:25,Commercial Bank of Ethiopia,Google Play Store
what an amazing app. you know how much it simplify life. Thanks cbe. I proud of you.,5,2025-10-07 09:40:21,Commercial Bank of Ethiopia,Google Play Store
Our Commercial Bank of Ethiopia is Good !,5,2025-10-06 18:28:54,Commercial Bank of Ethiopia,Google Play Store
Asledin Ibsa,5,2025-10-06 14:22:58,Commercial Bank of Ethiopia,Google Play Store
terrible when showing history of transaction it shows in disorganised way,3,2025-10-05 19:50:12,Commercial Bank of Ethiopia,Google Play Store
my bank,5,2025-10-05 15:13:11,Commercial Bank of Ethiopia,Google Play Store
Data,5,2025-10-04 20:37:13,Commercial Bank of Ethiopia,Google Play Store
"lately I am facing a problem with the app ,and the problem is when log in and inter my pin it doesn't work at all and says 'can't sync' why does it say that I was working fine a few day ago and also it says when I enter my pin 'change your pin to 6 digit pin and it doesn't allow me to change it please solve what is the problem with the app ?",2,2025-10-04 19:25:23,Commercial Bank of Ethiopia,Google Play Store
excellent app with lots of features,5,2025-10-04 16:15:43,Commercial Bank of Ethiopia,Google Play Store
very good üëç mobile banking,5,2025-10-04 15:11:54,Commercial Bank of Ethiopia,Google Play Store
so special,5,2025-10-04 06:38:47,Commercial Bank of Ethiopia,Google Play Store
wiiy ewdihiliw esimirt niho yitnehew metgeyot ‚ù§üíûü§îüò¥ü§©üòç,1,2025-10-03 21:11:53,Commercial Bank of Ethiopia,Google Play Store
woow cbe,5,2025-10-03 20:54:19,Commercial Bank of Ethiopia,Google Play Store
cbe the best bank app,4,2025-10-03 17:24:32,Commercial Bank of Ethiopia,Google Play Store
This App CBE bank it's Simple and Smart I Like it.,5,2025-10-03 15:29:20,Commercial Bank of Ethiopia,Google Play Store
Rijalufaris,5,2025-10-02 23:36:22,Commercial Bank of Ethiopia,Google Play Store
its Best app But i hate the Repeatedly update request,5,2025-10-02 21:21:49,Commercial Bank of Ethiopia,Google Play Store
good app,5,2025-10-02 14:30:47,Commercial Bank of Ethiopia,Google Play Store
imoo,3,2025-10-02 14:24:51,Commercial Bank of Ethiopia,Google Play Store
"it was good since it become a robber the vat ,tax,service charge,unbelievable charge to send to other bank, monthly charge,etc i hope one international bank comes and we all leave this bank. enough is enough",1,2025-10-02 11:28:14,Commercial Bank of Ethiopia,Google Play Store
screen shoot always not allowed why?,5,2025-10-02 08:32:44,Commercial Bank of Ethiopia,Google Play Store
enkorabetalen,5,2025-10-01 14:41:30,Commercial Bank of Ethiopia,Google Play Store
good,5,2025-10-01 14:16:04,Commercial Bank of Ethiopia,Google Play Store
Gamada mahamadi,1,2025-10-01 00:08:05,Commercial Bank of Ethiopia,Google Play Store
it is very good banking web but its network is sometimes busy i hope they willfix the problem,4,2025-09-30 19:49:55,Commercial Bank of Ethiopia,Google Play Store
verfcasencod,5,2025-09-30 09:02:19,Commercial Bank of Ethiopia,Google Play Store
you can't get your own transaction history,1,2025-09-29 07:28:47,Commercial Bank of Ethiopia,Google Play Store
sintu,5,2025-09-29 03:17:40,Commercial Bank of Ethiopia,Google Play Store
BEST,5,2025-09-28 12:30:42,Commercial Bank of Ethiopia,Google Play Store
Bank of Ethiopia,5,2025-09-28 11:39:05,Commercial Bank of Ethiopia,Google Play Store
"All most Good, but need improvement",5,2025-09-27 23:24:15,Commercial Bank of Ethiopia,Google Play Store
"Great application for me,So I would like to rate with Solid 5 star.That It works well overall. So hello everyone enjoy the apps",5,2025-09-27 15:50:50,Commercial Bank of Ethiopia,Google Play Store
poor app all of you guys delete CBE and download BOA,1,2025-09-27 08:57:58,Commercial Bank of Ethiopia,Google Play Store
niceapp,5,2025-09-27 06:23:26,Commercial Bank of Ethiopia,Google Play Store
good,5,2025-09-26 20:08:50,Commercial Bank of Ethiopia,Google Play Store
good,5,2025-09-25 22:12:30,Commercial Bank of Ethiopia,Google Play Store
good,5,2025-09-25 21:00:22,Commercial Bank of Ethiopia,Google Play Store
the best app of all,5,2025-09-25 18:04:09,Commercial Bank of Ethiopia,Google Play Store
‚ù§Ô∏è,5,2025-09-25 12:39:28,Commercial Bank of Ethiopia,Google Play Store
"Most of the time when I try to open the app, it does not load. The circle keeps spinning as if it is trying to open, and get a message saying "" 2 attempts left for offline login"". This seems to mean that the app cannot connect to the internet, even though I have a stable internet connection, and all other stuff work properly.",2,2025-09-24 17:27:11,Commercial Bank of Ethiopia,Google Play Store
Juhaar,5,2025-09-24 17:20:31,Commercial Bank of Ethiopia,Google Play Store
I am using CBE app very fantastic.,5,2025-09-24 13:57:13,Commercial Bank of Ethiopia,Google Play Store
bist app tankyou,4,2025-09-23 20:31:06,Commercial Bank of Ethiopia,Google Play Store
this is very useful and consistent app,5,2025-09-23 16:54:10,Commercial Bank of Ethiopia,Google Play Store
"this application provides timely service in a good, fast and reliable manner.",5,2025-09-23 16:23:26,Commercial Bank of Ethiopia,Google Play Store
So good,5,2025-09-23 15:31:47,Commercial Bank of Ethiopia,Google Play Store
it will be more better if the app have the feature receipt verifying from QR CODE SCREENSHOT IMAGES FROM gallery ... currently IT WORKS ONLY FROM DIRECT CAMERA CAPTURING,4,2025-09-23 08:32:51,Commercial Bank of Ethiopia,Google Play Store
"From the UX perspective it can be better, it's old and it's not obvious where you can find some things",3,2025-09-22 15:21:18,Commercial Bank of Ethiopia,Google Play Store
It is amazing app but it is more better if it is possible to transfer from account to other telebirr,5,2025-09-22 14:19:44,Commercial Bank of Ethiopia,Google Play Store
"The app was great while it was active. However, after the app did an update, I lost connection with a message ""Network Error"". Please try to fix it as there are many clients of CBE using this app globally from abroad countries.",3,2025-09-21 22:07:25,Commercial Bank of Ethiopia,Google Play Store
very important app,4,2025-09-21 21:55:00,Commercial Bank of Ethiopia,Google Play Store
the best of all mobile banking in Ethiopia works perfectly fine,5,2025-09-21 21:05:59,Commercial Bank of Ethiopia,Google Play Store
ok,5,2025-09-21 20:43:38,Commercial Bank of Ethiopia,Google Play Store
DANTRO BAND!!!,5,2025-09-21 19:18:49,Commercial Bank of Ethiopia,Google Play Store
some time when make transfer from Mobile account to other cbebirr wallet no show customer name so please check it......thanks my cbe.. cbebirr application very nice application wallet,5,2025-09-20 19:56:30,Commercial Bank of Ethiopia,Google Play Store
this app is very useful but sometimes when you want to see specific transactions it didn't work so that way i gave 3,3,2025-09-20 15:07:39,Commercial Bank of Ethiopia,Google Play Store
why i must visit the branch i opened my account to activate the mobile banking services? if it a connected network it maybe done from any branch.,1,2025-09-20 13:57:42,Commercial Bank of Ethiopia,Google Play Store
·ä†·à™·çç ·äê·ãç ·ä†·àÅ·äï ·ã∞·åç·àû ·ä•·àµ·ä≠·à™·äï ·àπ·âµ ·àõ·à®·åç ·â†·àò·âª·àå ·ã∞·åç·â•·àé·äõ·àç,5,2025-09-20 11:52:27,Commercial Bank of Ethiopia,Google Play Store
asfaw damse,5,2025-09-19 17:10:57,Commercial Bank of Ethiopia,Google Play Store
ok,5,2025-09-19 16:08:46,Commercial Bank of Ethiopia,Google Play Store
nice,5,2025-09-19 15:04:57,Commercial Bank of Ethiopia,Google Play Store
jabadhaa namatii tolataan,5,2025-09-19 14:32:57,Commercial Bank of Ethiopia,Google Play Store
"The App is very good in its interface and user friendly. But it could be a pro app had it had additional feature that let us run multiple accounts on a single phone with an option of ""additional"" account!",3,2025-09-19 10:26:17,Commercial Bank of Ethiopia,Google Play Store
The app is user friendly. But i want some amendment or include option of sending money to other tele birr like other cbe birr.,4,2025-09-18 19:58:07,Commercial Bank of Ethiopia,Google Play Store
Truly amazing!,5,2025-09-18 09:44:33,Commercial Bank of Ethiopia,Google Play Store
Doesn't have option to generate statement for transactions,3,2025-09-18 09:36:32,Commercial Bank of Ethiopia,Google Play Store
üòé,5,2025-09-18 00:46:45,Commercial Bank of Ethiopia,Google Play Store
JanaleBl,5,2025-09-17 20:18:10,Commercial Bank of Ethiopia,Google Play Store
very good,5,2025-09-17 16:10:49,Commercial Bank of Ethiopia,Google Play Store
very good,5,2025-09-17 14:49:31,Commercial Bank of Ethiopia,Google Play Store
nice application,5,2025-09-17 12:36:20,Commercial Bank of Ethiopia,Google Play Store
WaaaaaaaW,1,2025-09-17 12:26:12,Commercial Bank of Ethiopia,Google Play Store
very nice,5,2025-09-16 22:28:03,Commercial Bank of Ethiopia,Google Play Store
Of,5,2025-09-16 12:18:38,Commercial Bank of Ethiopia,Google Play Store
it's best app to use recently and upgraded day to day for internationalization,4,2025-09-16 10:50:11,Commercial Bank of Ethiopia,Google Play Store
Easy to use and not Complicated üëç,5,2025-09-15 19:03:48,Commercial Bank of Ethiopia,Google Play Store
apdat the app,5,2025-09-14 19:24:01,Commercial Bank of Ethiopia,Google Play Store
good in bankin at any time & any where.,5,2025-09-13 23:47:20,Commercial Bank of Ethiopia,Google Play Store
great,5,2025-09-13 21:32:19,Commercial Bank of Ethiopia,Google Play Store
"WHAT A USELESS APP! Transfers, wallet payments, other banks ‚Äî nothing works. Updated, restarted, cleared cache, reinstalled ‚Äî still useless. Crashed and forced me to visit a branch just to log in 3 times. One of the biggest banks in the country can‚Äôt fix issues a junior developer could solve. Completely unreliable. Big bank , Zero functionality!",1,2025-09-13 15:13:44,Commercial Bank of Ethiopia,Google Play Store
it is best to me,1,2025-09-13 12:40:50,Commercial Bank of Ethiopia,Google Play Store
hayizgi mebrahtom feshay,5,2025-09-13 11:32:59,Commercial Bank of Ethiopia,Google Play Store
best,5,2025-09-13 09:07:51,Commercial Bank of Ethiopia,Google Play Store
good,5,2025-09-12 19:17:06,Commercial Bank of Ethiopia,Google Play Store
great,5,2025-09-12 17:13:28,Commercial Bank of Ethiopia,Google Play Store
Excellent app,5,2025-09-12 15:00:58,Commercial Bank of Ethiopia,Google Play Store
good,5,2025-09-12 12:07:23,Commercial Bank of Ethiopia,Google Play Store
after apdate the app doesn't work any thing else it said enable to connects,1,2025-09-12 09:01:39,Commercial Bank of Ethiopia,Google Play Store
love,5,2025-09-12 08:19:31,Commercial Bank of Ethiopia,Google Play Store
good,3,2025-09-11 13:56:33,Commercial Bank of Ethiopia,Google Play Store
Hasasa bank,1,2025-09-11 10:01:34,Commercial Bank of Ethiopia,Google Play Store
All ways Trusted.,5,2025-09-11 08:42:25,Commercial Bank of Ethiopia,Google Play Store
best MB application in Ethiopia financial sector.,5,2025-09-11 06:39:40,Commercial Bank of Ethiopia,Google Play Store
I like this app,5,2025-09-11 06:29:46,Commercial Bank of Ethiopia,Google Play Store
am tired why I have to update every 5 day,1,2025-09-11 05:00:14,Commercial Bank of Ethiopia,Google Play Store
excellent,5,2025-09-10 20:55:36,Commercial Bank of Ethiopia,Google Play Store
best,5,2025-09-10 19:00:16,Commercial Bank of Ethiopia,Google Play Store
usb debugig mode bicha off endidereg axrigu like awash bank,1,2025-09-10 17:45:50,Commercial Bank of Ethiopia,Google Play Store
good morning üôè,5,2025-09-10 07:39:49,Commercial Bank of Ethiopia,Google Play Store
nice,5,2025-09-09 17:02:31,Commercial Bank of Ethiopia,Google Play Store
am happy üòÉ,5,2025-09-09 11:57:20,Commercial Bank of Ethiopia,Google Play Store
good,5,2025-09-09 11:40:21,Commercial Bank of Ethiopia,Google Play Store
wowww,5,2025-09-08 20:07:26,Commercial Bank of Ethiopia,Google Play Store
KEHRU nasir AbFIXA,5,2025-09-08 20:06:34,Commercial Bank of Ethiopia,Google Play Store
It is well organized.,5,2025-09-08 16:22:41,Commercial Bank of Ethiopia,Google Play Store
Can't see the nearest Branch or ATM available,2,2025-09-08 13:24:27,Commercial Bank of Ethiopia,Google Play Store
excellent,5,2025-09-08 08:28:57,Commercial Bank of Ethiopia,Google Play Store
very good,5,2025-09-07 17:14:53,Commercial Bank of Ethiopia,Google Play Store
the app does not open,1,2025-09-07 12:54:04,Commercial Bank of Ethiopia,Google Play Store
from Monk,3,2025-09-06 21:58:29,Commercial Bank of Ethiopia,Google Play Store
"Amazing, Delightful and Seamless Mobile Banking Application, I have ever Experienced!! Indeed, I feel Great Proud to be part of your Stakeholder! My First Choice Bank, Commercial Bank of Ethiopia, The Pioneer and Leading in Digital Banking Services in Ethiopia! Five stars ‚≠ê‚≠ê‚≠ê‚≠ê‚≠ê are little to you! Thank you so muchüôè",5,2025-09-06 20:38:32,Commercial Bank of Ethiopia,Google Play Store
incredible,5,2025-09-06 14:37:57,Commercial Bank of Ethiopia,Google Play Store
good,5,2025-09-06 14:37:42,Commercial Bank of Ethiopia,Google Play Store
·ã®·ãö·àÖ ·ä†·çï ·â∞·å†·âÉ·àö ·äê·â†·à≠·ä© ·ã´·àà·àÅ·âµ ·ä®·àÄ·åà·à≠ ·ãç·å≠ ·äê·ãç ·ä•·äì ·ä•·ã®·â∞·å†·âÄ·àù·ä©·â†·âµ ·à≥·àà ·ä†·â•·ã∞·âµ ·ä†·ãµ·à≠·åä ·ä†·àà·äù ·à≥·à®·åà·ãç ·çì·àµ·ãà·à≠·ãµ ·ä•·äï·ã¥ ·ä†·ãµ·àµ ·å†·ã®·âÄ·äù ·ä•·äï·ã¥·ãç ·ä•·äî ·ä†·àà·àÅ·â†·âµ ·àÄ·åà·à≠ ·àÜ·äò ·àò·àµ·â∞·ä´·ä®·àç ·ä®·âª·àà ·â∞·â£·â†·à©·äù ·â†·å£·àù ·ä†·àµ·çà·àã·åä·ã¨ ·äê·ãç ::,5,2025-09-06 01:32:45,Commercial Bank of Ethiopia,Google Play Store
it's the best money transfer app ever,5,2025-09-06 01:01:23,Commercial Bank of Ethiopia,Google Play Store
it is nice,5,2025-09-05 19:56:18,Commercial Bank of Ethiopia,Google Play Store
user friendly. best.,5,2025-09-05 19:46:37,Commercial Bank of Ethiopia,Google Play Store
üôè,5,2025-09-05 19:15:16,Commercial Bank of Ethiopia,Google Play Store
·ä†·à™·çç,5,2025-09-05 16:30:57,Commercial Bank of Ethiopia,Google Play Store
best app!!!,5,2025-09-05 14:08:45,Commercial Bank of Ethiopia,Google Play Store
"It is good app and really user friendly , but it not possible to start service after the app is uninstalled or device phone is changed. So please make it easy for us, after once you set us the requirements in your office we should have to use it only by install and launch it. We do not have to visit the near by branch office every time for such silly businesses but important things. in addition to that why is that for hidding senders name or account number How can I know who tranfers to me???",4,2025-09-05 10:12:26,Commercial Bank of Ethiopia,Google Play Store
very good app,5,2025-09-05 03:02:36,Commercial Bank of Ethiopia,Google Play Store
best,5,2025-09-05 01:13:42,Commercial Bank of Ethiopia,Google Play Store
jabirabdala,5,2025-09-04 19:42:06,Commercial Bank of Ethiopia,Google Play Store
unfair cost of transportations... what a shame!!!,1,2025-09-04 16:21:40,Commercial Bank of Ethiopia,Google Play Store
"I think it is a good app to use easily. However, I have one more comment: the app does not automatically sync or update the balance in real time. Please review this issue. For example, when someone transfers money, the receiver's app does not sync automatically. It requires the user to manually initiate an update to see the current balance.",4,2025-09-04 14:52:49,Commercial Bank of Ethiopia,Google Play Store
WAW!!! I AM PROUD!!! MY STRONG BANK WORKS AT BEST EVEN IN A REMOTE LOCATION HERE IN MALABO (ECUATORIAL GUINEA). MEWOLID MUBARAK CBE!!!,5,2025-09-04 09:26:57,Commercial Bank of Ethiopia,Google Play Store
zinaa Ahmed,5,2025-09-04 05:29:38,Commercial Bank of Ethiopia,Google Play Store
absolutely excellent,5,2025-09-04 00:37:01,Commercial Bank of Ethiopia,Google Play Store
nice,4,2025-09-03 20:53:11,Commercial Bank of Ethiopia,Google Play Store
Good,5,2025-09-03 18:24:49,Commercial Bank of Ethiopia,Google Play Store
amazing app,5,2025-09-03 16:13:30,Commercial Bank of Ethiopia,Google Play Store
perfect and easy,5,2025-09-03 15:38:14,Commercial Bank of Ethiopia,Google Play Store
fastest,5,2025-09-03 15:17:51,Commercial Bank of Ethiopia,Google Play Store
good,5,2025-09-03 12:28:18,Commercial Bank of Ethiopia,Google Play Store
My account is not working,4,2025-09-03 10:04:38,Commercial Bank of Ethiopia,Google Play Store
The recent update is not optimized fir latest version of android,2,2025-09-02 16:10:49,Commercial Bank of Ethiopia,Google Play Store
topp,5,2025-09-02 01:56:29,Commercial Bank of Ethiopia,Google Play Store
very good,5,2025-09-01 18:10:58,Commercial Bank of Ethiopia,Google Play Store
I appreciate it,5,2025-09-01 16:35:43,Commercial Bank of Ethiopia,Google Play Store
v.good app,5,2025-09-01 13:55:18,Commercial Bank of Ethiopia,Google Play Store
Nice,4,2025-08-31 18:28:41,Commercial Bank of Ethiopia,Google Play Store
sahib amin jamal,1,2025-08-31 00:26:53,Commercial Bank of Ethiopia,Google Play Store
installi,5,2025-08-31 00:20:04,Commercial Bank of Ethiopia,Google Play Store
good,5,2025-08-30 17:13:41,Commercial Bank of Ethiopia,Google Play Store
very good apps,5,2025-08-30 16:46:50,Commercial Bank of Ethiopia,Google Play Store
üëçüëçüëçüëç,1,2025-08-30 12:26:21,Commercial Bank of Ethiopia,Google Play Store
the app say it is not compatible with ur phone can u fix it it is not updating.,1,2025-08-30 06:30:02,Commercial Bank of Ethiopia,Google Play Store
"I would like to give you some feedback on Current update, its very nice and easy to useüëç but in some button there is still not improved For example while iwant to check my recent Txn it not well sequenced and arranged or some txn may not appear ... becouse of this i see many of users of this app discomferted maily merchants and those make High txn daily. improve and miximize the txn shown to 300 up to 500. make Searchable Recent txn button! All in all the bank i Relly on! CBE my bank !",5,2025-08-29 22:06:10,Commercial Bank of Ethiopia,Google Play Store
tinishu titiba,5,2025-08-29 19:42:12,Commercial Bank of Ethiopia,Google Play Store
"essy to use ,has great interface and user-friendly g",5,2025-08-29 17:03:47,Commercial Bank of Ethiopia,Google Play Store
Yuuuuu,5,2025-08-29 10:17:46,Commercial Bank of Ethiopia,Google Play Store
I found it very much friendly,5,2025-08-29 10:17:23,Commercial Bank of Ethiopia,Google Play Store
"Very useful app, while we use CBE.",5,2025-08-28 17:54:51,Commercial Bank of Ethiopia,Google Play Store
woooow,5,2025-08-28 16:52:45,Commercial Bank of Ethiopia,Google Play Store
Redmi,1,2025-08-28 11:54:19,Commercial Bank of Ethiopia,Google Play Store
·ä†·à≠·çç ·äê·ãç ·äê·åà·à≠ ·åç·äï ·à¥·â• ·ã´·à®·åà·ãç·äï ·ä†·ä´·ãç·äï·âµ ·ä•·ã´·å†·çã·â•·äï ·äê·ãç,5,2025-08-28 11:52:41,Commercial Bank of Ethiopia,Google Play Store
kamil aweil,5,2025-08-28 06:25:00,Commercial Bank of Ethiopia,Google Play Store
nice,3,2025-08-28 04:50:14,Commercial Bank of Ethiopia,Google Play Store
In your next update can you come with night mode future,5,2025-08-27 23:45:17,Commercial Bank of Ethiopia,Google Play Store
"Truly, super competitive when compared to a well known app nowadays functioning broadly by simplest features and means namely known as Telebirr super app, Thus, CBE is my top ultimate choice that I prefer over the other bank due to its beautiful power of lead as a result I could recommend CBE to others because of its service provision via ethical principles and practice for customers satisfaction with existence of constraints and challenges face from burglary and froudalent hacker. Thank you !",5,2025-08-27 20:43:57,Commercial Bank of Ethiopia,Google Play Store
mayreba app you its better if you use other banks,1,2025-08-27 13:54:04,Commercial Bank of Ethiopia,Google Play Store
Not Prefect Transfer To Other Bank The Mony Not Deliverd Imidetliy Take Three Or Five Days,1,2025-08-27 13:17:03,Commercial Bank of Ethiopia,Google Play Store
good app,5,2025-08-27 10:46:25,Commercial Bank of Ethiopia,Google Play Store
let us know before you shut down the app,4,2025-08-27 08:18:40,Commercial Bank of Ethiopia,Google Play Store
excited,5,2025-08-27 07:15:35,Commercial Bank of Ethiopia,Google Play Store
amizing,5,2025-08-26 21:34:24,Commercial Bank of Ethiopia,Google Play Store
love it,5,2025-08-26 15:40:03,Commercial Bank of Ethiopia,Google Play Store
yes it is v good,5,2025-08-26 14:38:59,Commercial Bank of Ethiopia,Google Play Store
A great update in the Mobile Banking Application. Thanks for the System and customization department,5,2025-08-26 12:02:10,Commercial Bank of Ethiopia,Google Play Store
this app is smart.,5,2025-08-26 10:48:49,Commercial Bank of Ethiopia,Google Play Store
I am happy,5,2025-08-26 09:42:43,Commercial Bank of Ethiopia,Google Play Store
good,5,2025-08-26 06:55:23,Commercial Bank of Ethiopia,Google Play Store
Still I have not face critical problems sometimes delay to open,4,2025-08-26 00:18:39,Commercial Bank of Ethiopia,Google Play Store
excellent,5,2025-08-26 00:13:19,Commercial Bank of Ethiopia,Google Play Store
·å§·äì ·ä®·ãµ·à®,5,2025-08-25 21:19:27,Commercial Bank of Ethiopia,Google Play Store
The connection between bank and the app is lag relationship this must be corrected.,4,2025-08-25 20:45:17,Commercial Bank of Ethiopia,Google Play Store
I have forgotten mobail banking password,5,2025-08-25 20:08:03,Commercial Bank of Ethiopia,Google Play Store
nice app,5,2025-08-25 12:22:01,Commercial Bank of Ethiopia,Google Play Store
Thank you,5,2025-08-25 10:10:49,Commercial Bank of Ethiopia,Google Play Store
muktaar Abraahim,5,2025-08-25 07:55:32,Commercial Bank of Ethiopia,Google Play Store
ü§ûGood One,5,2025-08-24 19:33:35,Commercial Bank of Ethiopia,Google Play Store
why does it say change pin to 6 digits is that right?,4,2025-08-24 19:21:44,Commercial Bank of Ethiopia,Google Play Store
One of the worst mobile banking apps in Ethiopia. You can't access your txn record for more than 2 weeks.,1,2025-08-24 16:18:38,Commercial Bank of Ethiopia,Google Play Store
i like it and aprshat.,4,2025-08-23 22:43:55,Commercial Bank of Ethiopia,Google Play Store
good,4,2025-08-23 13:54:32,Commercial Bank of Ethiopia,Google Play Store
"The app has some issues I updated recently and now I am not able to send funds to my telebirr wallet, also we need to have a place we save our contacts where we usually send money to, after update I keep loosing all the important accounts.",4,2025-08-23 13:30:48,Commercial Bank of Ethiopia,Google Play Store
best app and easy to use,5,2025-08-23 13:28:14,Commercial Bank of Ethiopia,Google Play Store
doesn't work unless with data doesn't refresh fast other wise functions ok but after the update transferring to telebirr is not working,2,2025-08-23 13:16:14,Commercial Bank of Ethiopia,Google Play Store
List of transactions can't load over months and years..,1,2025-08-23 12:46:27,Commercial Bank of Ethiopia,Google Play Store
transferring money to telebirr is not working,1,2025-08-23 11:34:07,Commercial Bank of Ethiopia,Google Play Store
I don't Like this app and there service fee is highl,5,2025-08-23 11:27:06,Commercial Bank of Ethiopia,Google Play Store
·ä†·ã≤·à± Update ·å•·à© ·ä†·ã≠·ã∞·àà·àù. Update ·ä´·ã∞·à®·åç·ä©·âµ ·â†·äã·àã ·ä®·ãö·àÖ ·â†·çä·âµ ·àµ·àã·àã·ä≠·â£·â∏·ãç ·ã®·äê·â†·à©·âµ·äï Save ·ä†·ãµ·à≠·åé ·ã≠·ãû·âµ ·ã®·äê·â†·à®·ãç·äï ·àÅ·àâ·äï·àù ·ã®·à∞·ãé·âΩ ·ä†·ä´·ãç·äï·â∂·âΩ ·ä†·å•·çç·â∂·â•·äõ·àç.,2,2025-08-23 08:25:32,Commercial Bank of Ethiopia,Google Play Store
good,5,2025-08-23 08:07:48,Commercial Bank of Ethiopia,Google Play Store
this application do not show over all transaction history,3,2025-08-23 07:51:14,Commercial Bank of Ethiopia,Google Play Store
this app is very nice but statment history is very shiort atlist add 15 days,4,2025-08-23 06:15:48,Commercial Bank of Ethiopia,Google Play Store
"This app stooped working after i updated it. It says change password and i did, but it doesn't open with the new password. I don't like it.",1,2025-08-23 02:30:08,Commercial Bank of Ethiopia,Google Play Store
best and secured application,5,2025-08-23 02:23:26,Commercial Bank of Ethiopia,Google Play Store
This application is excellent .,5,2025-08-22 22:19:50,Commercial Bank of Ethiopia,Google Play Store
